"token","symbol","name","expiry","strike","lotsize","instrumenttype","exch_seg","tick_size"
"120604","ITC28NOV24545CE","ITC","28NOV2024","54500.000000","1600","OPTSTK","NFO","5.000000"
"65423","ABBOTINDIA28NOV2426250PE","ABBOTINDIA","28NOV2024","2625000.000000","20","OPTSTK","NFO","5.000000"
"41310","BANKNIFTY27NOV2449900CE","BANKNIFTY","27NOV2024","4990000.000000","15","OPTIDX","NFO","5.000000"
"113366","METROPOLIS30JAN252000CE","METROPOLIS","30JAN2025","200000.000000","400","OPTSTK","NFO","5.000000"
"42128","NIFTY26JUN2531000PE","NIFTY","26JUN2025","3100000.000000","25","OPTIDX","NFO","5.000000"
"80551","BHARTIARTL30JAN251480PE","BHARTIARTL","30JAN2025","148000.000000","475","OPTSTK","NFO","5.000000"
"130240","SAIL30JAN25130CE","SAIL","30JAN2025","13000.000000","4000","OPTSTK","NFO","5.000000"
"111185","INDIGO28NOV243200CE","INDIGO","28NOV2024","320000.000000","150","OPTSTK","NFO","5.000000"
"42963","NIFTY28NOV2424200CE","NIFTY","28NOV2024","2420000.000000","25","OPTIDX","NFO","5.000000"
"106195","HAVELLS28NOV241840PE","HAVELLS","28NOV2024","184000.000000","500","OPTSTK","NFO","5.000000"
"87507","CUMMINSIND26DEC243250PE","CUMMINSIND","26DEC2024","325000.000000","150","OPTSTK","NFO","5.000000"
"103156","GMRINFRA28NOV24110PE","GMRINFRA","28NOV2024","11000.000000","5625","OPTSTK","NFO","5.000000"
"86891","BIOCON28NOV24350PE","BIOCON","28NOV2024","35000.000000","2500","OPTSTK","NFO","5.000000"
"38113","NIFTYNXT5029NOV2479800CE","NIFTYNXT50","29NOV2024","7980000.000000","10","OPTIDX","NFO","5.000000"
"111336","INDUSINDBK28NOV241200PE","INDUSINDBK","28NOV2024","120000.000000","500","OPTSTK","NFO","5.000000"
"89503","CIPLA28NOV241540CE","CIPLA","28NOV2024","154000.000000","325","OPTSTK","NFO","5.000000"
"125671","TATAMOTORS28NOV24940CE","TATAMOTORS","28NOV2024","94000.000000","550","OPTSTK","NFO","5.000000"
"130483","MPHASIS26DEC242400CE","MPHASIS","26DEC2024","240000.000000","275","OPTSTK","NFO","5.000000"
"58915","HINDCOPPER28NOV24235PE","HINDCOPPER","28NOV2024","23500.000000","2650","OPTSTK","NFO","5.000000"
"40927","BANKNIFTY27NOV2448900PE","BANKNIFTY","27NOV2024","4890000.000000","15","OPTIDX","NFO","5.000000"
"64949","AARTIIND26DEC24460PE","AARTIIND","26DEC2024","46000.000000","1000","OPTSTK","NFO","5.000000"
"98696","DRREDDY26DEC241300CE","DRREDDY","26DEC2024","130000.000000","625","OPTSTK","NFO","5.000000"
"57541","MIDCPNIFTY11NOV2412575PE","MIDCPNIFTY","11NOV2024","1257500.000000","50","OPTIDX","NFO","5.000000"
"123605","SHREECEM28NOV2426000PE","SHREECEM","28NOV2024","2600000.000000","25","OPTSTK","NFO","5.000000"
"38799","LAURUSLABS28NOV24FUT","LAURUSLABS","28NOV2024","-1.000000","1700","FUTSTK","NFO","5.000000"
"52724","MARUTI28NOV249500CE","MARUTI","28NOV2024","950000.000000","50","OPTSTK","NFO","5.000000"
"35644","BRITANNIA26DEC24FUT","BRITANNIA","26DEC2024","-1.000000","100","FUTSTK","NFO","5.000000"
"38340","NIFTYNXT5027DEC2481700CE","NIFTYNXT50","27DEC2024","8170000.000000","10","OPTIDX","NFO","5.000000"
"104788","GODREJPROP28NOV243050PE","GODREJPROP","28NOV2024","305000.000000","225","OPTSTK","NFO","5.000000"
"120966","PIDILITIND28NOV243760CE","PIDILITIND","28NOV2024","376000.000000","250","OPTSTK","NFO","5.000000"
"140589","TATAPOWER30JAN25500PE","TATAPOWER","30JAN2025","50000.000000","1350","OPTSTK","NFO","5.000000"
"57654","MIDCPNIFTY11NOV2413775CE","MIDCPNIFTY","11NOV2024","1377500.000000","50","OPTIDX","NFO","5.000000"
"129525","MARUTI28NOV2410300CE","MARUTI","28NOV2024","1030000.000000","50","OPTSTK","NFO","5.000000"
"66039","ABCAPITAL28NOV24247.5PE","ABCAPITAL","28NOV2024","24750.000000","2700","OPTSTK","NFO","5.000000"
"130705","MRF26DEC24150000CE","MRF","26DEC2024","15000000.000000","5","OPTSTK","NFO","5.000000"
"133398","PNB28NOV2487PE","PNB","28NOV2024","8700.000000","8000","OPTSTK","NFO","5.000000"
"139242","VOLTAS28NOV241500CE","VOLTAS","28NOV2024","150000.000000","300","OPTSTK","NFO","5.000000"
"38840","MOTHERSON28NOV24FUT","MOTHERSON","28NOV2024","-1.000000","3550","FUTSTK","NFO","1.000000"
"71681","AMBUJACEM30JAN25640CE","AMBUJACEM","30JAN2025","64000.000000","900","OPTSTK","NFO","5.000000"
"76652","ALKEM28NOV247200PE","ALKEM","28NOV2024","720000.000000","100","OPTSTK","NFO","5.000000"
"72294","AUBANK26DEC24800CE","AUBANK","26DEC2024","80000.000000","1000","OPTSTK","NFO","5.000000"
"46250","BANKNIFTY06NOV2455600PE","BANKNIFTY","06NOV2024","5560000.000000","15","OPTIDX","NFO","5.000000"
"102587","FEDERALBNK28NOV24215PE","FEDERALBNK","28NOV2024","21500.000000","5000","OPTSTK","NFO","5.000000"
"133602","POLYCAB28NOV246300PE","POLYCAB","28NOV2024","630000.000000","125","OPTSTK","NFO","5.000000"
"115603","MRF26DEC24118500PE","MRF","26DEC2024","11850000.000000","5","OPTSTK","NFO","5.000000"
"131377","NAVINFLUOR26DEC243500CE","NAVINFLUOR","26DEC2024","350000.000000","175","OPTSTK","NFO","5.000000"
"43987","NIFTY14NOV2424650PE","NIFTY","14NOV2024","2465000.000000","25","OPTIDX","NFO","5.000000"
"88769","CHAMBLFERT28NOV24550CE","CHAMBLFERT","28NOV2024","55000.000000","1900","OPTSTK","NFO","5.000000"
"136831","SIEMENS30JAN256400CE","SIEMENS","30JAN2025","640000.000000","75","OPTSTK","NFO","5.000000"
"54441","NIFTYNXT5031JAN2568600CE","NIFTYNXT50","31JAN2025","6860000.000000","10","OPTIDX","NFO","5.000000"
"36873","MIDCPNIFTY25NOV2411200CE","MIDCPNIFTY","25NOV2024","1120000.000000","50","OPTIDX","NFO","5.000000"
"81076","BOSCHLTD26DEC2435500PE","BOSCHLTD","26DEC2024","3550000.000000","25","OPTSTK","NFO","5.000000"
"111212","INDIGO28NOV244700PE","INDIGO","28NOV2024","470000.000000","150","OPTSTK","NFO","5.000000"
"136317","SYNGENE28NOV24970CE","SYNGENE","28NOV2024","97000.000000","1000","OPTSTK","NFO","5.000000"
"115836","INDHOTEL28NOV24670CE","INDHOTEL","28NOV2024","67000.000000","1000","OPTSTK","NFO","5.000000"
"42913","NIFTY28NOV2423400CE","NIFTY","28NOV2024","2340000.000000","25","OPTIDX","NFO","5.000000"
"48167","NIFTY28NOV2426800PE","NIFTY","28NOV2024","2680000.000000","25","OPTIDX","NFO","5.000000"
"96382","HDFCBANK26DEC241730CE","HDFCBANK","26DEC2024","173000.000000","550","OPTSTK","NFO","5.000000"
"52675","FINNIFTY19NOV2423350CE","FINNIFTY","19NOV2024","2335000.000000","25","OPTIDX","NFO","5.000000"
"123152","SBILIFE28NOV241560PE","SBILIFE","28NOV2024","156000.000000","375","OPTSTK","NFO","5.000000"
"78943","BEL30JAN25270CE","BEL","30JAN2025","27000.000000","2850","OPTSTK","NFO","5.000000"
"108122","HDFCLIFE28NOV24760CE","HDFCLIFE","28NOV2024","76000.000000","1100","OPTSTK","NFO","5.000000"
"138437","TVSMOTOR28NOV242150CE","TVSMOTOR","28NOV2024","215000.000000","350","OPTSTK","NFO","5.000000"
"46238","NIFTY30JAN2523450PE","NIFTY","30JAN2025","2345000.000000","25","OPTIDX","NFO","5.000000"
"95465","DALBHARAT26DEC242040CE","DALBHARAT","26DEC2024","204000.000000","275","OPTSTK","NFO","5.000000"
"131074","NATIONALUM26DEC24190PE","NATIONALUM","26DEC2024","19000.000000","3750","OPTSTK","NFO","5.000000"
"50379","NIFTY07NOV2424100CE","NIFTY","07NOV2024","2410000.000000","25","OPTIDX","NFO","5.000000"
"77958","APOLLOTYRE28NOV24530PE","APOLLOTYRE","28NOV2024","53000.000000","1700","OPTSTK","NFO","5.000000"
"36273","NIFTYNXT5027DEC2469100CE","NIFTYNXT50","27DEC2024","6910000.000000","10","OPTIDX","NFO","5.000000"
"105691","GRASIM28NOV242500CE","GRASIM","28NOV2024","250000.000000","250","OPTSTK","NFO","5.000000"
"105428","JUBLFOOD30JAN25540CE","JUBLFOOD","30JAN2025","54000.000000","1250","OPTSTK","NFO","5.000000"
"129561","MARUTI28NOV2413900CE","MARUTI","28NOV2024","1390000.000000","50","OPTSTK","NFO","5.000000"
"96563","HDFCBANK30JAN251680CE","HDFCBANK","30JAN2025","168000.000000","550","OPTSTK","NFO","5.000000"
"126969","TRENT28NOV249200CE","TRENT","28NOV2024","920000.000000","100","OPTSTK","NFO","5.000000"
"92373","GAIL26DEC24197.5PE","GAIL","26DEC2024","19750.000000","4575","OPTSTK","NFO","5.000000"
"84773","CIPLA30JAN251640CE","CIPLA","30JAN2025","164000.000000","325","OPTSTK","NFO","5.000000"
"135375","SHREECEM26DEC2423500CE","SHREECEM","26DEC2024","2350000.000000","25","OPTSTK","NFO","5.000000"
"98280","DRREDDY28NOV241130PE","DRREDDY","28NOV2024","113000.000000","625","OPTSTK","NFO","5.000000"
"134591","RELIANCE26DEC241340CE","RELIANCE","26DEC2024","134000.000000","500","OPTSTK","NFO","5.000000"
"43592","BANKNIFTY24DEC2451100CE","BANKNIFTY","24DEC2024","5110000.000000","15","OPTIDX","NFO","5.000000"
"40983","HAVELLS30JAN25FUT","HAVELLS","30JAN2025","-1.000000","500","FUTSTK","NFO","5.000000"
"47438","BANKNIFTY13NOV2451400CE","BANKNIFTY","13NOV2024","5140000.000000","15","OPTIDX","NFO","5.000000"
"129491","MARICO26DEC24760CE","MARICO","26DEC2024","76000.000000","1200","OPTSTK","NFO","5.000000"
"47498","BANKNIFTY13NOV2453400CE","BANKNIFTY","13NOV2024","5340000.000000","15","OPTIDX","NFO","5.000000"
"50468","MIDCPNIFTY18NOV2412425CE","MIDCPNIFTY","18NOV2024","1242500.000000","50","OPTIDX","NFO","5.000000"
"82658","BHARATFORG28NOV241420PE","BHARATFORG","28NOV2024","142000.000000","500","OPTSTK","NFO","5.000000"
"77203","BALKRISIND30JAN252400PE","BALKRISIND","30JAN2025","240000.000000","300","OPTSTK","NFO","5.000000"
"111515","INDUSTOWER28NOV24400PE","INDUSTOWER","28NOV2024","40000.000000","1700","OPTSTK","NFO","5.000000"
"137600","TECHM28NOV241500PE","TECHM","28NOV2024","150000.000000","600","OPTSTK","NFO","5.000000"
"95431","DALBHARAT26DEC241640CE","DALBHARAT","26DEC2024","164000.000000","275","OPTSTK","NFO","5.000000"
"94595","CUMMINSIND26DEC244200CE","CUMMINSIND","26DEC2024","420000.000000","150","OPTSTK","NFO","5.000000"
"90269","COALINDIA28NOV24375CE","COALINDIA","28NOV2024","37500.000000","1050","OPTSTK","NFO","5.000000"
"76632","ALKEM28NOV246300PE","ALKEM","28NOV2024","630000.000000","100","OPTSTK","NFO","5.000000"
"135029","SBILIFE28NOV241980CE","SBILIFE","28NOV2024","198000.000000","375","OPTSTK","NFO","5.000000"
"63977","NIFTYNXT5031JAN2574100CE","NIFTYNXT50","31JAN2025","7410000.000000","10","OPTIDX","NFO","5.000000"
"98840","ICICIBANK26DEC241410PE","ICICIBANK","26DEC2024","141000.000000","700","OPTSTK","NFO","5.000000"
"66947","ACC28NOV242420CE","ACC","28NOV2024","242000.000000","300","OPTSTK","NFO","5.000000"
"35913","MIDCPNIFTY27JAN2511200PE","MIDCPNIFTY","27JAN2025","1120000.000000","50","OPTIDX","NFO","5.000000"
"82265","BRITANNIA30JAN256600CE","BRITANNIA","30JAN2025","660000.000000","100","OPTSTK","NFO","5.000000"
"117569","NATIONALUM26DEC24232.5CE","NATIONALUM","26DEC2024","23250.000000","3750","OPTSTK","NFO","5.000000"
"36307","MIDCPNIFTY27JAN2511875CE","MIDCPNIFTY","27JAN2025","1187500.000000","50","OPTIDX","NFO","5.000000"
"99561","ESCORTS28NOV243350PE","ESCORTS","28NOV2024","335000.000000","275","OPTSTK","NFO","5.000000"
"100185","EXIDEIND26DEC24560PE","EXIDEIND","26DEC2024","56000.000000","1800","OPTSTK","NFO","5.000000"
"134474","RELIANCE28NOV241270PE","RELIANCE","28NOV2024","127000.000000","500","OPTSTK","NFO","5.000000"
"97730","DALBHARAT28NOV242240PE","DALBHARAT","28NOV2024","224000.000000","275","OPTSTK","NFO","5.000000"
"114570","LTIM28NOV245800CE","LTIM","28NOV2024","580000.000000","150","OPTSTK","NFO","5.000000"
"92927","GLENMARK30JAN251520CE","GLENMARK","30JAN2025","152000.000000","325","OPTSTK","NFO","5.000000"
"119628","IRCTC28NOV24780CE","IRCTC","28NOV2024","78000.000000","875","OPTSTK","NFO","5.000000"
"97251","DIVISLAB26DEC246300CE","DIVISLAB","26DEC2024","630000.000000","100","OPTSTK","NFO","5.000000"
"141962","VEDL30JAN25400CE","VEDL","30JAN2025","40000.000000","1150","OPTSTK","NFO","5.000000"
"119815","NMDC26DEC24205PE","NMDC","26DEC2024","20500.000000","4500","OPTSTK","NFO","5.000000"
"36440","MIDCPNIFTY27JAN2512175CE","MIDCPNIFTY","27JAN2025","1217500.000000","50","OPTIDX","NFO","5.000000"
"75609","BAJAJ-AUTO26DEC2410200PE","BAJAJ-AUTO","26DEC2024","1020000.000000","75","OPTSTK","NFO","5.000000"
"134775","SBICARD28NOV24675CE","SBICARD","28NOV2024","67500.000000","800","OPTSTK","NFO","5.000000"
"68394","ALKEM26DEC245600CE","ALKEM","26DEC2024","560000.000000","100","OPTSTK","NFO","5.000000"
"116433","MCX28NOV245900CE","MCX","28NOV2024","590000.000000","100","OPTSTK","NFO","5.000000"
"80733","BHEL30JAN25260CE","BHEL","30JAN2025","26000.000000","2625","OPTSTK","NFO","5.000000"
"90294","COALINDIA28NOV24445PE","COALINDIA","28NOV2024","44500.000000","1050","OPTSTK","NFO","5.000000"
"128620","LTTS26DEC245600PE","LTTS","26DEC2024","560000.000000","100","OPTSTK","NFO","5.000000"
"108885","HINDUNILVR28NOV242360PE","HINDUNILVR","28NOV2024","236000.000000","300","OPTSTK","NFO","5.000000"
"124311","SRF28NOV242440PE","SRF","28NOV2024","244000.000000","375","OPTSTK","NFO","5.000000"
"58924","FINNIFTY26NOV2420500PE","FINNIFTY","26NOV2024","2050000.000000","25","OPTIDX","NFO","5.000000"
"133964","PVRINOX26DEC241760PE","PVRINOX","26DEC2024","176000.000000","407","OPTSTK","NFO","5.000000"
"128063","LTIM26DEC246400PE","LTIM","26DEC2024","640000.000000","150","OPTSTK","NFO","5.000000"
"71025","FINNIFTY26NOV2422700PE","FINNIFTY","26NOV2024","2270000.000000","25","OPTIDX","NFO","5.000000"
"55928","LTF28NOV24122.5CE","LTF","28NOV2024","12250.000000","4462","OPTSTK","NFO","5.000000"
"106920","HAL26DEC244600CE","HAL","26DEC2024","460000.000000","150","OPTSTK","NFO","5.000000"
"45182","MRF28NOV24120500CE","MRF","28NOV2024","12050000.000000","5","OPTSTK","NFO","5.000000"
"134240","RBLBANK28NOV24185PE","RBLBANK","28NOV2024","18500.000000","2500","OPTSTK","NFO","5.000000"
"139744","SUNTV30JAN25680CE","SUNTV","30JAN2025","68000.000000","750","OPTSTK","NFO","5.000000"
"79323","BANKBARODA28NOV24247.5CE","BANKBARODA","28NOV2024","24750.000000","2925","OPTSTK","NFO","5.000000"
"116104","MARUTI28NOV2411400CE","MARUTI","28NOV2024","1140000.000000","50","OPTSTK","NFO","5.000000"
"114405","MGL26DEC241500PE","MGL","26DEC2024","150000.000000","400","OPTSTK","NFO","5.000000"
"129052","LUPIN26DEC242520PE","LUPIN","26DEC2024","252000.000000","425","OPTSTK","NFO","5.000000"
"68294","ADANIPORTS26DEC241600CE","ADANIPORTS","26DEC2024","160000.000000","400","OPTSTK","NFO","5.000000"
"90287","COALINDIA28NOV24425CE","COALINDIA","28NOV2024","42500.000000","1050","OPTSTK","NFO","5.000000"
"48323","BANKNIFTY27NOV2454600PE","BANKNIFTY","27NOV2024","5460000.000000","15","OPTIDX","NFO","5.000000"
"114985","IDFCFIRSTB26DEC2456CE","IDFCFIRSTB","26DEC2024","5600.000000","7500","OPTSTK","NFO","5.000000"
"121303","ONGC26DEC24285PE","ONGC","26DEC2024","28500.000000","1925","OPTSTK","NFO","5.000000"
"48166","NIFTY28NOV2426800CE","NIFTY","28NOV2024","2680000.000000","25","OPTIDX","NFO","5.000000"
"125674","TATAMOTORS28NOV24960PE","TATAMOTORS","28NOV2024","96000.000000","550","OPTSTK","NFO","5.000000"
"136478","TATACHEM26DEC241240PE","TATACHEM","26DEC2024","124000.000000","550","OPTSTK","NFO","5.000000"
"82612","BSOFT30JAN25620PE","BSOFT","30JAN2025","62000.000000","1000","OPTSTK","NFO","5.000000"
"135182","SBIN28NOV24770PE","SBIN","28NOV2024","77000.000000","750","OPTSTK","NFO","5.000000"
"135696","SRF28NOV241860PE","SRF","28NOV2024","186000.000000","375","OPTSTK","NFO","5.000000"
"84725","BOSCHLTD28NOV2434500CE","BOSCHLTD","28NOV2024","3450000.000000","25","OPTSTK","NFO","5.000000"
"105205","GRASIM28NOV242440PE","GRASIM","28NOV2024","244000.000000","250","OPTSTK","NFO","5.000000"
"48238","NIFTY28NOV2427800PE","NIFTY","28NOV2024","2780000.000000","25","OPTIDX","NFO","5.000000"
"107025","HAVELLS28NOV241540CE","HAVELLS","28NOV2024","154000.000000","500","OPTSTK","NFO","5.000000"
"122004","RAMCOCEM28NOV24760CE","RAMCOCEM","28NOV2024","76000.000000","850","OPTSTK","NFO","5.000000"
"86222","COLPAL30JAN252400CE","COLPAL","30JAN2025","240000.000000","175","OPTSTK","NFO","5.000000"
"136103","SUNTV28NOV24770CE","SUNTV","28NOV2024","77000.000000","750","OPTSTK","NFO","5.000000"
"36601","MIDCPNIFTY27JAN2512825CE","MIDCPNIFTY","27JAN2025","1282500.000000","50","OPTIDX","NFO","5.000000"
"61627","MIDCPNIFTY04NOV2412675PE","MIDCPNIFTY","04NOV2024","1267500.000000","50","OPTIDX","NFO","5.000000"
"80393","BHARTIARTL26DEC241780PE","BHARTIARTL","26DEC2024","178000.000000","475","OPTSTK","NFO","5.000000"
"84645","BIOCON26DEC24420CE","BIOCON","26DEC2024","42000.000000","2500","OPTSTK","NFO","5.000000"
"71047","FINNIFTY26NOV2423600PE","FINNIFTY","26NOV2024","2360000.000000","25","OPTIDX","NFO","5.000000"
"37169","MIDCPNIFTY30DEC2413350CE","MIDCPNIFTY","30DEC2024","1335000.000000","50","OPTIDX","NFO","5.000000"
"68267","ADANIPORTS26DEC241040PE","ADANIPORTS","26DEC2024","104000.000000","400","OPTSTK","NFO","5.000000"
"125964","LT28NOV243050CE","LT","28NOV2024","305000.000000","150","OPTSTK","NFO","5.000000"
"123859","SHRIRAMFIN28NOV242700CE","SHRIRAMFIN","28NOV2024","270000.000000","150","OPTSTK","NFO","5.000000"
"121744","PVRINOX28NOV241240CE","PVRINOX","28NOV2024","124000.000000","407","OPTSTK","NFO","5.000000"
"123730","JUBLFOOD26DEC24480PE","JUBLFOOD","26DEC2024","48000.000000","1250","OPTSTK","NFO","5.000000"
"91497","COLPAL28NOV243850CE","COLPAL","28NOV2024","385000.000000","175","OPTSTK","NFO","5.000000"
"121271","PNB28NOV24130CE","PNB","28NOV2024","13000.000000","8000","OPTSTK","NFO","5.000000"
"110213","IDFCFIRSTB28NOV2470PE","IDFCFIRSTB","28NOV2024","7000.000000","7500","OPTSTK","NFO","5.000000"
"120814","PIDILITIND28NOV243200CE","PIDILITIND","28NOV2024","320000.000000","250","OPTSTK","NFO","5.000000"
"124508","PIDILITIND30JAN253440CE","PIDILITIND","30JAN2025","344000.000000","250","OPTSTK","NFO","5.000000"
"99948","EXIDEIND28NOV24390PE","EXIDEIND","28NOV2024","39000.000000","1800","OPTSTK","NFO","5.000000"
"130779","MUTHOOTFIN28NOV241820CE","MUTHOOTFIN","28NOV2024","182000.000000","275","OPTSTK","NFO","5.000000"
"47675","FINNIFTY05NOV2422500PE","FINNIFTY","05NOV2024","2250000.000000","25","OPTIDX","NFO","5.000000"
"38939","SYNGENE28NOV24FUT","SYNGENE","28NOV2024","-1.000000","1000","FUTSTK","NFO","5.000000"
"108245","HCLTECH26DEC241560CE","HCLTECH","26DEC2024","156000.000000","350","OPTSTK","NFO","5.000000"
"117643","MRF28NOV24149000CE","MRF","28NOV2024","14900000.000000","5","OPTSTK","NFO","5.000000"
"61274","IGL26DEC24340PE","IGL","26DEC2024","34000.000000","1375","OPTSTK","NFO","5.000000"
"135458","SHRIRAMFIN28NOV243550PE","SHRIRAMFIN","28NOV2024","355000.000000","150","OPTSTK","NFO","5.000000"
"40256","RAMCOCEM26DEC24FUT","RAMCOCEM","26DEC2024","-1.000000","850","FUTSTK","NFO","5.000000"
"79332","BANKBARODA28NOV24255PE","BANKBARODA","28NOV2024","25500.000000","2925","OPTSTK","NFO","5.000000"
"127793","RBLBANK30JAN25140CE","RBLBANK","30JAN2025","14000.000000","2500","OPTSTK","NFO","5.000000"
"109750","LUPIN30JAN252360CE","LUPIN","30JAN2025","236000.000000","425","OPTSTK","NFO","5.000000"
"138346","TRENT26DEC247800PE","TRENT","26DEC2024","780000.000000","100","OPTSTK","NFO","5.000000"
"73472","AUROPHARMA26DEC241520CE","AUROPHARMA","26DEC2024","152000.000000","550","OPTSTK","NFO","5.000000"
"139147","VEDL28NOV24430PE","VEDL","28NOV2024","43000.000000","1150","OPTSTK","NFO","5.000000"
"87753","CUMMINSIND30JAN253900PE","CUMMINSIND","30JAN2025","390000.000000","150","OPTSTK","NFO","5.000000"
"93188","GMRINFRA30JAN2586PE","GMRINFRA","30JAN2025","8600.000000","5625","OPTSTK","NFO","5.000000"
"123423","JSWSTEEL28NOV241070PE","JSWSTEEL","28NOV2024","107000.000000","675","OPTSTK","NFO","5.000000"
"101106","GAIL28NOV24222.5PE","GAIL","28NOV2024","22250.000000","4575","OPTSTK","NFO","5.000000"
"95261","DALBHARAT28NOV242140PE","DALBHARAT","28NOV2024","214000.000000","275","OPTSTK","NFO","5.000000"
"67004","ACC28NOV242620CE","ACC","28NOV2024","262000.000000","300","OPTSTK","NFO","5.000000"
"131878","OBEROIRLTY28NOV241820PE","OBEROIRLTY","28NOV2024","182000.000000","350","OPTSTK","NFO","5.000000"
"97121","DIVISLAB26DEC245500CE","DIVISLAB","26DEC2024","550000.000000","100","OPTSTK","NFO","5.000000"
"71407","ASTRAL26DEC241840CE","ASTRAL","26DEC2024","184000.000000","367","OPTSTK","NFO","5.000000"
"132964","PIDILITIND26DEC243640PE","PIDILITIND","26DEC2024","364000.000000","250","OPTSTK","NFO","5.000000"
"111508","HINDPETRO28NOV24325PE","HINDPETRO","28NOV2024","32500.000000","2025","OPTSTK","NFO","5.000000"
"117142","MOTHERSON28NOV24240PE","MOTHERSON","28NOV2024","24000.000000","3550","OPTSTK","NFO","5.000000"
"119972","NTPC26DEC24375PE","NTPC","26DEC2024","37500.000000","1500","OPTSTK","NFO","5.000000"
"128068","UPL28NOV24580PE","UPL","28NOV2024","58000.000000","1300","OPTSTK","NFO","5.000000"
"131154","NAUKRI28NOV247300CE","NAUKRI","28NOV2024","730000.000000","75","OPTSTK","NFO","5.000000"
"40361","BSOFT30JAN25FUT","BSOFT","30JAN2025","-1.000000","1000","FUTSTK","NFO","5.000000"
"46044","BANKNIFTY06NOV2448400PE","BANKNIFTY","06NOV2024","4840000.000000","15","OPTIDX","NFO","5.000000"
"119697","PAGEIND28NOV2439000PE","PAGEIND","28NOV2024","3900000.000000","15","OPTSTK","NFO","5.000000"
"90656","CHOLAFIN28NOV241440PE","CHOLAFIN","28NOV2024","144000.000000","625","OPTSTK","NFO","5.000000"
"75618","BAJAJ-AUTO26DEC2410400PE","BAJAJ-AUTO","26DEC2024","1040000.000000","75","OPTSTK","NFO","5.000000"
"74671","AXISBANK26DEC241220CE","AXISBANK","26DEC2024","122000.000000","625","OPTSTK","NFO","5.000000"
"67891","ADANIENT28NOV243640PE","ADANIENT","28NOV2024","364000.000000","300","OPTSTK","NFO","5.000000"
"87754","CUMMINSIND30JAN254000CE","CUMMINSIND","30JAN2025","400000.000000","150","OPTSTK","NFO","5.000000"
"120531","OBEROIRLTY26DEC242140PE","OBEROIRLTY","26DEC2024","214000.000000","350","OPTSTK","NFO","5.000000"
"44963","NIFTYNXT5031JAN2561500PE","NIFTYNXT50","31JAN2025","6150000.000000","10","OPTIDX","NFO","5.000000"
"70606","ASIANPAINT26DEC243600CE","ASIANPAINT","26DEC2024","360000.000000","200","OPTSTK","NFO","5.000000"
"117139","MOTHERSON28NOV24235CE","MOTHERSON","28NOV2024","23500.000000","3550","OPTSTK","NFO","5.000000"
"37596","NIFTYNXT5027DEC2474400PE","NIFTYNXT50","27DEC2024","7440000.000000","10","OPTIDX","NFO","5.000000"
"124425","PIDILITIND30JAN252880CE","PIDILITIND","30JAN2025","288000.000000","250","OPTSTK","NFO","5.000000"
"96676","DIVISLAB28NOV246050CE","DIVISLAB","28NOV2024","605000.000000","100","OPTSTK","NFO","5.000000"
"96283","HDFCAMC30JAN254300PE","HDFCAMC","30JAN2025","430000.000000","150","OPTSTK","NFO","5.000000"
"140442","TATAMOTORS30JAN25900CE","TATAMOTORS","30JAN2025","90000.000000","550","OPTSTK","NFO","5.000000"
"47566","BANKNIFTY13NOV2456000PE","BANKNIFTY","13NOV2024","5600000.000000","15","OPTIDX","NFO","5.000000"
"133960","PVRINOX26DEC241680PE","PVRINOX","26DEC2024","168000.000000","407","OPTSTK","NFO","5.000000"
"142178","WIPRO26DEC24545CE","WIPRO","26DEC2024","54500.000000","1500","OPTSTK","NFO","5.000000"
"131530","NESTLEIND26DEC242160PE","NESTLEIND","26DEC2024","216000.000000","200","OPTSTK","NFO","5.000000"
"99903","ICICIPRULI30JAN25660CE","ICICIPRULI","30JAN2025","66000.000000","750","OPTSTK","NFO","5.000000"
"81543","BEL26DEC24250PE","BEL","26DEC2024","25000.000000","2850","OPTSTK","NFO","5.000000"
"89025","CHAMBLFERT26DEC24580CE","CHAMBLFERT","26DEC2024","58000.000000","1900","OPTSTK","NFO","5.000000"
"111727","HINDPETRO28NOV24410CE","HINDPETRO","28NOV2024","41000.000000","2025","OPTSTK","NFO","5.000000"
"76162","BAJAJFINSV26DEC241780PE","BAJAJFINSV","26DEC2024","178000.000000","500","OPTSTK","NFO","5.000000"
"122052","PAGEIND30JAN2540000CE","PAGEIND","30JAN2025","4000000.000000","15","OPTSTK","NFO","5.000000"
"41097","LALPATHLAB30JAN25FUT","LALPATHLAB","30JAN2025","-1.000000","150","FUTSTK","NFO","5.000000"
"46231","BANKNIFTY06NOV2454900CE","BANKNIFTY","06NOV2024","5490000.000000","15","OPTIDX","NFO","5.000000"
"37078","MIDCPNIFTY30DEC2412950CE","MIDCPNIFTY","30DEC2024","1295000.000000","50","OPTIDX","NFO","5.000000"
"134618","RELIANCE26DEC241600PE","RELIANCE","26DEC2024","160000.000000","500","OPTSTK","NFO","5.000000"
"135720","SRF28NOV242340PE","SRF","28NOV2024","234000.000000","375","OPTSTK","NFO","5.000000"
"72952","ASIANPAINT26DEC242900CE","ASIANPAINT","26DEC2024","290000.000000","200","OPTSTK","NFO","5.000000"
"108944","HINDUNILVR28NOV243000PE","HINDUNILVR","28NOV2024","300000.000000","300","OPTSTK","NFO","5.000000"
"74984","AXISBANK26DEC241170PE","AXISBANK","26DEC2024","117000.000000","625","OPTSTK","NFO","5.000000"
"81763","BERGEPAINT28NOV24625PE","BERGEPAINT","28NOV2024","62500.000000","1320","OPTSTK","NFO","5.000000"
"118186","INFY26DEC242040CE","INFY","26DEC2024","204000.000000","400","OPTSTK","NFO","5.000000"
"83670","BANDHANBNK28NOV24235PE","BANDHANBNK","28NOV2024","23500.000000","2800","OPTSTK","NFO","5.000000"
"108617","HINDPETRO28NOV24460PE","HINDPETRO","28NOV2024","46000.000000","2025","OPTSTK","NFO","5.000000"
"112587","MCX30JAN255600PE","MCX","30JAN2025","560000.000000","100","OPTSTK","NFO","5.000000"
"138587","UBL28NOV241780CE","UBL","28NOV2024","178000.000000","400","OPTSTK","NFO","5.000000"
"130444","MPHASIS28NOV242750PE","MPHASIS","28NOV2024","275000.000000","275","OPTSTK","NFO","5.000000"
"105705","KOTAKBANK30JAN251680PE","KOTAKBANK","30JAN2025","168000.000000","400","OPTSTK","NFO","5.000000"
"44132","NIFTY14NOV2426750CE","NIFTY","14NOV2024","2675000.000000","25","OPTIDX","NFO","5.000000"
"71360","ASTRAL26DEC241440PE","ASTRAL","26DEC2024","144000.000000","367","OPTSTK","NFO","5.000000"
"61541","MIDCPNIFTY04NOV2411800PE","MIDCPNIFTY","04NOV2024","1180000.000000","50","OPTIDX","NFO","5.000000"
"120159","PERSISTENT28NOV245200PE","PERSISTENT","28NOV2024","520000.000000","100","OPTSTK","NFO","5.000000"
"57633","MIDCPNIFTY11NOV2413600PE","MIDCPNIFTY","11NOV2024","1360000.000000","50","OPTIDX","NFO","5.000000"
"135105","SBILIFE26DEC241560CE","SBILIFE","26DEC2024","156000.000000","375","OPTSTK","NFO","5.000000"
"116419","MCX28NOV245200CE","MCX","28NOV2024","520000.000000","100","OPTSTK","NFO","5.000000"
"75920","BAJAJ-AUTO30JAN2511000CE","BAJAJ-AUTO","30JAN2025","1100000.000000","75","OPTSTK","NFO","5.000000"
"67828","ADANIENT28NOV243060CE","ADANIENT","28NOV2024","306000.000000","300","OPTSTK","NFO","5.000000"
"130857","MUTHOOTFIN26DEC241680CE","MUTHOOTFIN","26DEC2024","168000.000000","275","OPTSTK","NFO","5.000000"
"119978","NTPC26DEC24405PE","NTPC","26DEC2024","40500.000000","1500","OPTSTK","NFO","5.000000"
"120863","ITC26DEC24400PE","ITC","26DEC2024","40000.000000","1600","OPTSTK","NFO","5.000000"
"119382","OFSS28NOV249000CE","OFSS","28NOV2024","900000.000000","50","OPTSTK","NFO","5.000000"
"108467","HINDALCO28NOV24760PE","HINDALCO","28NOV2024","76000.000000","1400","OPTSTK","NFO","5.000000"
"74045","ATUL30JAN258200PE","ATUL","30JAN2025","820000.000000","100","OPTSTK","NFO","5.000000"
"123870","SHRIRAMFIN28NOV243200PE","SHRIRAMFIN","28NOV2024","320000.000000","150","OPTSTK","NFO","5.000000"
"80160","BHARATFORG30JAN251520CE","BHARATFORG","30JAN2025","152000.000000","500","OPTSTK","NFO","5.000000"
"92813","GLENMARK26DEC241700CE","GLENMARK","26DEC2024","170000.000000","725","OPTSTK","NFO","5.000000"
"91772","EXIDEIND30JAN25480CE","EXIDEIND","30JAN2025","48000.000000","1800","OPTSTK","NFO","5.000000"
"113608","METROPOLIS30JAN252320CE","METROPOLIS","30JAN2025","232000.000000","400","OPTSTK","NFO","5.000000"
"94672","GRASIM30JAN252880CE","GRASIM","30JAN2025","288000.000000","250","OPTSTK","NFO","5.000000"
"47464","FINNIFTY05NOV2421500PE","FINNIFTY","05NOV2024","2150000.000000","25","OPTIDX","NFO","5.000000"
"54601","FINNIFTY31DEC2424500CE","FINNIFTY","31DEC2024","2450000.000000","25","OPTIDX","NFO","5.000000"
"108249","HCLTECH26DEC241640CE","HCLTECH","26DEC2024","164000.000000","350","OPTSTK","NFO","5.000000"
"53090","NIFTY05DEC2425500PE","NIFTY","05DEC2024","2550000.000000","25","OPTIDX","NFO","5.000000"
"98828","ICICIBANK26DEC241330PE","ICICIBANK","26DEC2024","133000.000000","700","OPTSTK","NFO","5.000000"
"41413","BANKNIFTY27NOV2450800CE","BANKNIFTY","27NOV2024","5080000.000000","15","OPTIDX","NFO","5.000000"
"122307","RECLTD28NOV24540CE","RECLTD","28NOV2024","54000.000000","1000","OPTSTK","NFO","5.000000"
"41798","BANKNIFTY29JAN2559500PE","BANKNIFTY","29JAN2025","5950000.000000","15","OPTIDX","NFO","5.000000"
"132920","PIDILITIND26DEC242760PE","PIDILITIND","26DEC2024","276000.000000","250","OPTSTK","NFO","5.000000"
"71194","FINNIFTY26NOV2427500PE","FINNIFTY","26NOV2024","2750000.000000","25","OPTIDX","NFO","5.000000"
"131593","NESTLEIND26DEC242960CE","NESTLEIND","26DEC2024","296000.000000","200","OPTSTK","NFO","5.000000"
"111956","HINDPETRO26DEC24480PE","HINDPETRO","26DEC2024","48000.000000","2025","OPTSTK","NFO","5.000000"
"43480","NIFTY21NOV2424850CE","NIFTY","21NOV2024","2485000.000000","25","OPTIDX","NFO","5.000000"
"130785","MUTHOOTFIN28NOV241940CE","MUTHOOTFIN","28NOV2024","194000.000000","275","OPTSTK","NFO","5.000000"
"111915","HINDPETRO26DEC24450PE","HINDPETRO","26DEC2024","45000.000000","2025","OPTSTK","NFO","5.000000"
"93284","GNFC26DEC24590CE","GNFC","26DEC2024","59000.000000","1300","OPTSTK","NFO","5.000000"
"115675","MARICO28NOV24560CE","MARICO","28NOV2024","56000.000000","1200","OPTSTK","NFO","5.000000"
"51656","GNFC28NOV24540PE","GNFC","28NOV2024","54000.000000","1300","OPTSTK","NFO","5.000000"
"82644","BAJFINANCE28NOV248000PE","BAJFINANCE","28NOV2024","800000.000000","125","OPTSTK","NFO","5.000000"
"79717","BERGEPAINT30JAN25620PE","BERGEPAINT","30JAN2025","62000.000000","1320","OPTSTK","NFO","5.000000"
"73766","ABBOTINDIA28NOV2428000CE","ABBOTINDIA","28NOV2024","2800000.000000","20","OPTSTK","NFO","5.000000"
"129121","M&M28NOV243150PE","M&M","28NOV2024","315000.000000","175","OPTSTK","NFO","5.000000"
"46753","BANKNIFTY24DEC2452800PE","BANKNIFTY","24DEC2024","5280000.000000","15","OPTIDX","NFO","5.000000"
"95270","HAVELLS26DEC241580CE","HAVELLS","26DEC2024","158000.000000","500","OPTSTK","NFO","5.000000"
"122319","RECLTD28NOV24620CE","RECLTD","28NOV2024","62000.000000","1000","OPTSTK","NFO","5.000000"
"72061","APOLLOHOSP30JAN256000PE","APOLLOHOSP","30JAN2025","600000.000000","125","OPTSTK","NFO","5.000000"
"87042","CROMPTON26DEC24365CE","CROMPTON","26DEC2024","36500.000000","1800","OPTSTK","NFO","5.000000"
"135658","SIEMENS26DEC247600PE","SIEMENS","26DEC2024","760000.000000","75","OPTSTK","NFO","5.000000"
"96386","HDFCBANK26DEC241770CE","HDFCBANK","26DEC2024","177000.000000","550","OPTSTK","NFO","5.000000"
"135822","SRF26DEC242200CE","SRF","26DEC2024","220000.000000","375","OPTSTK","NFO","5.000000"
"98641","DRREDDY26DEC241060CE","DRREDDY","26DEC2024","106000.000000","625","OPTSTK","NFO","5.000000"
"129398","MANAPPURAM26DEC24140PE","MANAPPURAM","26DEC2024","14000.000000","3000","OPTSTK","NFO","5.000000"
"101152","INDHOTEL30JAN25600PE","INDHOTEL","30JAN2025","60000.000000","1000","OPTSTK","NFO","5.000000"
"41658","NIFTY26DEC2423450PE","NIFTY","26DEC2024","2345000.000000","25","OPTIDX","NFO","5.000000"
"38153","NIFTY24DEC2529000PE","NIFTY","24DEC2025","2900000.000000","25","OPTIDX","NFO","5.000000"
"86142","NIFTY29JUN2819000PE","NIFTY","29JUN2028","1900000.000000","25","OPTIDX","NFO","5.000000"
"134924","SBICARD26DEC24840PE","SBICARD","26DEC2024","84000.000000","800","OPTSTK","NFO","5.000000"
"121077","OFSS30JAN2510500CE","OFSS","30JAN2025","1050000.000000","50","OPTSTK","NFO","5.000000"
"117925","NATIONALUM28NOV24250PE","NATIONALUM","28NOV2024","25000.000000","3750","OPTSTK","NFO","5.000000"
"124443","KOTAKBANK26DEC241960PE","KOTAKBANK","26DEC2024","196000.000000","400","OPTSTK","NFO","5.000000"
"110431","HINDALCO26DEC24560CE","HINDALCO","26DEC2024","56000.000000","1400","OPTSTK","NFO","5.000000"
"114904","IDFCFIRSTB28NOV2475PE","IDFCFIRSTB","28NOV2024","7500.000000","7500","OPTSTK","NFO","5.000000"
"106129","GRASIM26DEC242240PE","GRASIM","26DEC2024","224000.000000","250","OPTSTK","NFO","5.000000"
"134585","RELIANCE26DEC241280CE","RELIANCE","26DEC2024","128000.000000","500","OPTSTK","NFO","5.000000"
"74225","ABCAPITAL28NOV24175PE","ABCAPITAL","28NOV2024","17500.000000","2700","OPTSTK","NFO","5.000000"
"92717","GAIL30JAN25230PE","GAIL","30JAN2025","23000.000000","2350","OPTSTK","NFO","5.000000"
"130233","SAIL30JAN25110PE","SAIL","30JAN2025","11000.000000","4000","OPTSTK","NFO","5.000000"
"136991","TATAMOTORS28NOV241090PE","TATAMOTORS","28NOV2024","109000.000000","550","OPTSTK","NFO","5.000000"
"39304","MGL26DEC24FUT","MGL","26DEC2024","-1.000000","400","FUTSTK","NFO","5.000000"
"116085","MARUTI28NOV249400PE","MARUTI","28NOV2024","940000.000000","50","OPTSTK","NFO","5.000000"
"132151","OFSS26DEC249500CE","OFSS","26DEC2024","950000.000000","50","OPTSTK","NFO","5.000000"
"102136","EXIDEIND28NOV24360CE","EXIDEIND","28NOV2024","36000.000000","1800","OPTSTK","NFO","5.000000"
"73258","ASIANPAINT30JAN253360PE","ASIANPAINT","30JAN2025","336000.000000","200","OPTSTK","NFO","5.000000"
"135544","SHRIRAMFIN26DEC243200PE","SHRIRAMFIN","26DEC2024","320000.000000","150","OPTSTK","NFO","5.000000"
"119793","PAGEIND28NOV2453000PE","PAGEIND","28NOV2024","5300000.000000","15","OPTSTK","NFO","5.000000"
"135499","SHRIRAMFIN26DEC242700CE","SHRIRAMFIN","26DEC2024","270000.000000","150","OPTSTK","NFO","5.000000"
"117067","MOTHERSON28NOV24160CE","MOTHERSON","28NOV2024","16000.000000","3550","OPTSTK","NFO","5.000000"
"121771","PVRINOX28NOV241760PE","PVRINOX","28NOV2024","176000.000000","407","OPTSTK","NFO","5.000000"
"109473","HDFCBANK26DEC241860PE","HDFCBANK","26DEC2024","186000.000000","550","OPTSTK","NFO","5.000000"
"140096","TATACOMM30JAN251560CE","TATACOMM","30JAN2025","156000.000000","250","OPTSTK","NFO","5.000000"
"129180","M&M26DEC243600CE","M&M","26DEC2024","360000.000000","175","OPTSTK","NFO","5.000000"
"46457","NIFTY30JAN2525200CE","NIFTY","30JAN2025","2520000.000000","25","OPTIDX","NFO","5.000000"
"130865","MUTHOOTFIN26DEC241840CE","MUTHOOTFIN","26DEC2024","184000.000000","275","OPTSTK","NFO","5.000000"
"61653","MIDCPNIFTY04NOV2412975PE","MIDCPNIFTY","04NOV2024","1297500.000000","50","OPTIDX","NFO","5.000000"
"141354","TVSMOTOR30JAN252400CE","TVSMOTOR","30JAN2025","240000.000000","350","OPTSTK","NFO","5.000000"
"137343","TATASTEEL26DEC24175CE","TATASTEEL","26DEC2024","17500.000000","5500","OPTSTK","NFO","5.000000"
"51022","FINNIFTY31DEC2422000CE","FINNIFTY","31DEC2024","2200000.000000","25","OPTIDX","NFO","5.000000"
"88662","CANFINHOME26DEC24980PE","CANFINHOME","26DEC2024","98000.000000","975","OPTSTK","NFO","5.000000"
"74284","ABCAPITAL28NOV24220CE","ABCAPITAL","28NOV2024","22000.000000","2700","OPTSTK","NFO","5.000000"
"68200","ADANIPORTS28NOV241460CE","ADANIPORTS","28NOV2024","146000.000000","400","OPTSTK","NFO","5.000000"
"134901","SBICARD26DEC24730PE","SBICARD","26DEC2024","73000.000000","800","OPTSTK","NFO","5.000000"
"135564","SHRIRAMFIN26DEC244200PE","SHRIRAMFIN","26DEC2024","420000.000000","150","OPTSTK","NFO","5.000000"
"99919","DIXON28NOV2414000CE","DIXON","28NOV2024","1400000.000000","50","OPTSTK","NFO","5.000000"
"110704","HINDCOPPER28NOV24370CE","HINDCOPPER","28NOV2024","37000.000000","2650","OPTSTK","NFO","5.000000"
"96689","CUMMINSIND28NOV244200PE","CUMMINSIND","28NOV2024","420000.000000","150","OPTSTK","NFO","5.000000"
"50301","NIFTY07NOV2422900CE","NIFTY","07NOV2024","2290000.000000","25","OPTIDX","NFO","5.000000"
"82979","BHARATFORG26DEC241320CE","BHARATFORG","26DEC2024","132000.000000","500","OPTSTK","NFO","5.000000"
"97687","DALBHARAT28NOV241840PE","DALBHARAT","28NOV2024","184000.000000","275","OPTSTK","NFO","5.000000"
"46892","BANKNIFTY24DEC2456000PE","BANKNIFTY","24DEC2024","5600000.000000","15","OPTIDX","NFO","5.000000"
"86769","BSOFT28NOV24610CE","BSOFT","28NOV2024","61000.000000","1000","OPTSTK","NFO","5.000000"
"86532","CONCOR30JAN25800CE","CONCOR","30JAN2025","80000.000000","1000","OPTSTK","NFO","5.000000"
"111789","IOC28NOV24140PE","IOC","28NOV2024","14000.000000","4875","OPTSTK","NFO","5.000000"
"140279","TATACONSUM30JAN251020PE","TATACONSUM","30JAN2025","102000.000000","456","OPTSTK","NFO","5.000000"
"108940","HINDUNILVR28NOV242920PE","HINDUNILVR","28NOV2024","292000.000000","300","OPTSTK","NFO","5.000000"
"70118","ADANIENT26DEC242940CE","ADANIENT","26DEC2024","294000.000000","300","OPTSTK","NFO","5.000000"
"104751","GODREJCP26DEC241600CE","GODREJCP","26DEC2024","160000.000000","500","OPTSTK","NFO","5.000000"
"129280","M&MFIN26DEC24280PE","M&MFIN","26DEC2024","28000.000000","2000","OPTSTK","NFO","5.000000"
"82637","BAJFINANCE28NOV247400CE","BAJFINANCE","28NOV2024","740000.000000","125","OPTSTK","NFO","5.000000"
"105937","HAL28NOV244400PE","HAL","28NOV2024","440000.000000","150","OPTSTK","NFO","5.000000"
"129553","MARUTI28NOV2413100CE","MARUTI","28NOV2024","1310000.000000","50","OPTSTK","NFO","5.000000"
"111349","INDUSINDBK28NOV241480CE","INDUSINDBK","28NOV2024","148000.000000","500","OPTSTK","NFO","5.000000"
"131121","SBICARD26DEC24635PE","SBICARD","26DEC2024","63500.000000","800","OPTSTK","NFO","5.000000"
"97115","DIVISLAB26DEC245200CE","DIVISLAB","26DEC2024","520000.000000","100","OPTSTK","NFO","5.000000"
"132000","OBEROIRLTY26DEC242000PE","OBEROIRLTY","26DEC2024","200000.000000","350","OPTSTK","NFO","5.000000"
"67184","ACC26DEC241920CE","ACC","26DEC2024","192000.000000","300","OPTSTK","NFO","5.000000"
"99946","DIXON28NOV2416000PE","DIXON","28NOV2024","1600000.000000","50","OPTSTK","NFO","5.000000"
"50772","MIDCPNIFTY18NOV2413475PE","MIDCPNIFTY","18NOV2024","1347500.000000","50","OPTIDX","NFO","5.000000"
"132721","PFC28NOV24530CE","PFC","28NOV2024","53000.000000","1300","OPTSTK","NFO","5.000000"
"141045","TITAN30JAN253300PE","TITAN","30JAN2025","330000.000000","175","OPTSTK","NFO","5.000000"
"91780","EXIDEIND30JAN25520PE","EXIDEIND","30JAN2025","52000.000000","1800","OPTSTK","NFO","5.000000"
"41176","MARICO30JAN25FUT","MARICO","30JAN2025","-1.000000","1200","FUTSTK","NFO","5.000000"
"118573","NESTLEIND28NOV242680CE","NESTLEIND","28NOV2024","268000.000000","200","OPTSTK","NFO","5.000000"
"68763","ABBOTINDIA30JAN2527500PE","ABBOTINDIA","30JAN2025","2750000.000000","20","OPTSTK","NFO","5.000000"
"94948","DABUR26DEC24490PE","DABUR","26DEC2024","49000.000000","1250","OPTSTK","NFO","5.000000"
"100560","FEDERALBNK26DEC24225CE","FEDERALBNK","26DEC2024","22500.000000","5000","OPTSTK","NFO","5.000000"
"51664","GNFC28NOV24600PE","GNFC","28NOV2024","60000.000000","1300","OPTSTK","NFO","5.000000"
"37628","NIFTYNXT5027DEC2474900PE","NIFTYNXT50","27DEC2024","7490000.000000","10","OPTIDX","NFO","5.000000"
"136386","SYNGENE26DEC24960PE","SYNGENE","26DEC2024","96000.000000","1000","OPTSTK","NFO","5.000000"
"88638","CANFINHOME26DEC24740PE","CANFINHOME","26DEC2024","74000.000000","975","OPTSTK","NFO","5.000000"
"140910","TECHM30JAN251360CE","TECHM","30JAN2025","136000.000000","600","OPTSTK","NFO","5.000000"
"54607","FINNIFTY31DEC2424800CE","FINNIFTY","31DEC2024","2480000.000000","25","OPTIDX","NFO","5.000000"
"138329","TRENT26DEC246200CE","TRENT","26DEC2024","620000.000000","100","OPTSTK","NFO","5.000000"
"76279","BAJAJFINSV28NOV241900PE","BAJAJFINSV","28NOV2024","190000.000000","500","OPTSTK","NFO","5.000000"
"132451","PEL26DEC241160CE","PEL","26DEC2024","116000.000000","750","OPTSTK","NFO","5.000000"
"96643","DIVISLAB28NOV245850CE","DIVISLAB","28NOV2024","585000.000000","100","OPTSTK","NFO","5.000000"
"82277","BERGEPAINT26DEC24550PE","BERGEPAINT","26DEC2024","55000.000000","1320","OPTSTK","NFO","5.000000"
"96105","HDFCAMC26DEC243950PE","HDFCAMC","26DEC2024","395000.000000","150","OPTSTK","NFO","5.000000"
"105742","GUJGASLTD28NOV24520PE","GUJGASLTD","28NOV2024","52000.000000","1250","OPTSTK","NFO","5.000000"
"109519","ICICIGI28NOV242240CE","ICICIGI","28NOV2024","224000.000000","250","OPTSTK","NFO","5.000000"
"83310","BHARTIARTL28NOV241820CE","BHARTIARTL","28NOV2024","182000.000000","475","OPTSTK","NFO","5.000000"
"66123","ABCAPITAL28NOV24262.5PE","ABCAPITAL","28NOV2024","26250.000000","2700","OPTSTK","NFO","5.000000"
"94016","CUB26DEC24160CE","CUB","26DEC2024","16000.000000","5000","OPTSTK","NFO","5.000000"
"81534","AXISBANK28NOV241020PE","AXISBANK","28NOV2024","102000.000000","625","OPTSTK","NFO","5.000000"
"76531","ALKEM28NOV245400PE","ALKEM","28NOV2024","540000.000000","100","OPTSTK","NFO","5.000000"
"118135","NAUKRI28NOV247200CE","NAUKRI","28NOV2024","720000.000000","75","OPTSTK","NFO","5.000000"
"113247","ICICIGI28NOV242100PE","ICICIGI","28NOV2024","210000.000000","250","OPTSTK","NFO","5.000000"
"119512","ONGC28NOV24250CE","ONGC","28NOV2024","25000.000000","1925","OPTSTK","NFO","5.000000"
"89187","CHOLAFIN28NOV241540CE","CHOLAFIN","28NOV2024","154000.000000","625","OPTSTK","NFO","5.000000"
"134900","SBICARD26DEC24730CE","SBICARD","26DEC2024","73000.000000","800","OPTSTK","NFO","5.000000"
"87067","CROMPTON26DEC24415CE","CROMPTON","26DEC2024","41500.000000","1800","OPTSTK","NFO","5.000000"
"96716","DIVISLAB28NOV246550PE","DIVISLAB","28NOV2024","655000.000000","100","OPTSTK","NFO","5.000000"
"129344","MANAPPURAM28NOV24162.5PE","MANAPPURAM","28NOV2024","16250.000000","3000","OPTSTK","NFO","5.000000"
"97257","DABUR28NOV24680PE","DABUR","28NOV2024","68000.000000","1250","OPTSTK","NFO","5.000000"
"56051","MRF26DEC24115000PE","MRF","26DEC2024","11500000.000000","5","OPTSTK","NFO","5.000000"
"142254","WIPRO30JAN25520CE","WIPRO","30JAN2025","52000.000000","1500","OPTSTK","NFO","5.000000"
"86244","COLPAL30JAN253200PE","COLPAL","30JAN2025","320000.000000","175","OPTSTK","NFO","5.000000"
"86067","BRITANNIA28NOV245950CE","BRITANNIA","28NOV2024","595000.000000","100","OPTSTK","NFO","5.000000"
"140578","TATAPOWER30JAN25450CE","TATAPOWER","30JAN2025","45000.000000","1350","OPTSTK","NFO","5.000000"
"81733","BERGEPAINT28NOV24525PE","BERGEPAINT","28NOV2024","52500.000000","1320","OPTSTK","NFO","5.000000"
"127278","RBLBANK26DEC24162.5PE","RBLBANK","26DEC2024","16250.000000","2500","OPTSTK","NFO","5.000000"
"79681","BERGEPAINT30JAN25470CE","BERGEPAINT","30JAN2025","47000.000000","1320","OPTSTK","NFO","5.000000"
"124094","KOTAKBANK28NOV242060PE","KOTAKBANK","28NOV2024","206000.000000","400","OPTSTK","NFO","5.000000"
"103992","GMRINFRA26DEC24104CE","GMRINFRA","26DEC2024","10400.000000","5625","OPTSTK","NFO","5.000000"
"137539","TCS26DEC244800CE","TCS","26DEC2024","480000.000000","175","OPTSTK","NFO","5.000000"
"78642","BATAINDIA30JAN251480PE","BATAINDIA","30JAN2025","148000.000000","375","OPTSTK","NFO","5.000000"
"115246","M&M28NOV243600CE","M&M","28NOV2024","360000.000000","175","OPTSTK","NFO","5.000000"
"137957","TITAN26DEC243200CE","TITAN","26DEC2024","320000.000000","175","OPTSTK","NFO","5.000000"
"108026","HCLTECH28NOV241900PE","HCLTECH","28NOV2024","190000.000000","350","OPTSTK","NFO","5.000000"
"116094","MARUTI28NOV2410400CE","MARUTI","28NOV2024","1040000.000000","50","OPTSTK","NFO","5.000000"
"43930","NIFTY14NOV2424250CE","NIFTY","14NOV2024","2425000.000000","25","OPTIDX","NFO","5.000000"
"113104","ICICIGI28NOV241940CE","ICICIGI","28NOV2024","194000.000000","250","OPTSTK","NFO","5.000000"
"39498","BANKNIFTY29JAN2549500CE","BANKNIFTY","29JAN2025","4950000.000000","15","OPTIDX","NFO","5.000000"
"85523","BHARATFORG28NOV241440PE","BHARATFORG","28NOV2024","144000.000000","500","OPTSTK","NFO","5.000000"
"118023","INFY28NOV241740CE","INFY","28NOV2024","174000.000000","400","OPTSTK","NFO","5.000000"
"114791","MOTHERSON30JAN25170CE","MOTHERSON","30JAN2025","17000.000000","3550","OPTSTK","NFO","5.000000"
"79129","ASIANPAINT28NOV243200CE","ASIANPAINT","28NOV2024","320000.000000","200","OPTSTK","NFO","5.000000"
"97759","HINDALCO30JAN25560CE","HINDALCO","30JAN2025","56000.000000","1400","OPTSTK","NFO","5.000000"
"95538","HAVELLS30JAN251520CE","HAVELLS","30JAN2025","152000.000000","500","OPTSTK","NFO","5.000000"
"98162","HINDPETRO30JAN25420CE","HINDPETRO","30JAN2025","42000.000000","2025","OPTSTK","NFO","5.000000"
"75262","AXISBANK30JAN251160PE","AXISBANK","30JAN2025","116000.000000","625","OPTSTK","NFO","5.000000"
"95050","CROMPTON28NOV24450CE","CROMPTON","28NOV2024","45000.000000","1800","OPTSTK","NFO","5.000000"
"37159","FINNIFTY26NOV2423950PE","FINNIFTY","26NOV2024","2395000.000000","25","OPTIDX","NFO","5.000000"
"37973","NIFTYNXT5027DEC2479800PE","NIFTYNXT50","27DEC2024","7980000.000000","10","OPTIDX","NFO","5.000000"
"65001","AARTIIND26DEC24620CE","AARTIIND","26DEC2024","62000.000000","1000","OPTSTK","NFO","5.000000"
"138480","SUNPHARMA26DEC241940PE","SUNPHARMA","26DEC2024","194000.000000","350","OPTSTK","NFO","5.000000"
"126726","POWERGRID30JAN25280CE","POWERGRID","30JAN2025","28000.000000","1800","OPTSTK","NFO","5.000000"
"79603","ASTRAL28NOV241760PE","ASTRAL","28NOV2024","176000.000000","367","OPTSTK","NFO","5.000000"
"126108","TCS28NOV243600CE","TCS","28NOV2024","360000.000000","175","OPTSTK","NFO","5.000000"
"67181","ACC26DEC241840PE","ACC","26DEC2024","184000.000000","300","OPTSTK","NFO","5.000000"
"134807","SBICARD28NOV24825PE","SBICARD","28NOV2024","82500.000000","800","OPTSTK","NFO","5.000000"
"123337","JSWSTEEL28NOV24910CE","JSWSTEEL","28NOV2024","91000.000000","675","OPTSTK","NFO","5.000000"
"116127","MARUTI28NOV2413600PE","MARUTI","28NOV2024","1360000.000000","50","OPTSTK","NFO","5.000000"
"75755","ADANIENT28NOV243600CE","ADANIENT","28NOV2024","360000.000000","300","OPTSTK","NFO","5.000000"
"137763","SRF30JAN252480PE","SRF","30JAN2025","248000.000000","375","OPTSTK","NFO","5.000000"
"74220","AUBANK26DEC24550CE","AUBANK","26DEC2024","55000.000000","1000","OPTSTK","NFO","5.000000"
"90667","COALINDIA26DEC24420CE","COALINDIA","26DEC2024","42000.000000","1050","OPTSTK","NFO","5.000000"
"130690","MRF26DEC24142000PE","MRF","26DEC2024","14200000.000000","5","OPTSTK","NFO","5.000000"
"139357","VOLTAS26DEC242160PE","VOLTAS","26DEC2024","216000.000000","300","OPTSTK","NFO","5.000000"
"89392","DEEPAKNTR30JAN252400CE","DEEPAKNTR","30JAN2025","240000.000000","300","OPTSTK","NFO","5.000000"
"109374","HDFCBANK26DEC241520PE","HDFCBANK","26DEC2024","152000.000000","550","OPTSTK","NFO","5.000000"
"122059","PAGEIND30JAN2543000PE","PAGEIND","30JAN2025","4300000.000000","15","OPTSTK","NFO","5.000000"
"88666","CANFINHOME26DEC241020PE","CANFINHOME","26DEC2024","102000.000000","975","OPTSTK","NFO","5.000000"
"132644","PETRONET26DEC24390PE","PETRONET","26DEC2024","39000.000000","1500","OPTSTK","NFO","5.000000"
"129105","M&M28NOV242350PE","M&M","28NOV2024","235000.000000","175","OPTSTK","NFO","5.000000"
"82212","BRITANNIA30JAN255800PE","BRITANNIA","30JAN2025","580000.000000","100","OPTSTK","NFO","5.000000"
"107786","HDFCBANK28NOV241540CE","HDFCBANK","28NOV2024","154000.000000","550","OPTSTK","NFO","5.000000"
"75748","ADANIENT28NOV243200PE","ADANIENT","28NOV2024","320000.000000","300","OPTSTK","NFO","5.000000"
"96584","HDFCBANK30JAN251820PE","HDFCBANK","30JAN2025","182000.000000","550","OPTSTK","NFO","5.000000"
"75555","BAJAJ-AUTO26DEC248400PE","BAJAJ-AUTO","26DEC2024","840000.000000","75","OPTSTK","NFO","5.000000"
"43333","NIFTY21NOV2423800PE","NIFTY","21NOV2024","2380000.000000","25","OPTIDX","NFO","5.000000"
"118575","IOC28NOV24152.5CE","IOC","28NOV2024","15250.000000","4875","OPTSTK","NFO","5.000000"
"102881","GLENMARK28NOV241720CE","GLENMARK","28NOV2024","172000.000000","725","OPTSTK","NFO","5.000000"
"80311","BATAINDIA28NOV241290CE","BATAINDIA","28NOV2024","129000.000000","375","OPTSTK","NFO","5.000000"
"136525","TATACOMM28NOV241940CE","TATACOMM","28NOV2024","194000.000000","250","OPTSTK","NFO","5.000000"
"75260","AXISBANK30JAN251140PE","AXISBANK","30JAN2025","114000.000000","625","OPTSTK","NFO","5.000000"
"105639","GRASIM28NOV242420CE","GRASIM","28NOV2024","242000.000000","250","OPTSTK","NFO","5.000000"
"129634","MARUTI26DEC2411200PE","MARUTI","26DEC2024","1120000.000000","50","OPTSTK","NFO","5.000000"
